{
    "variants": {
        "distance=1": [
				{ "model": "block/cherry_leaves" }
				],
        "distance=2": [
				{ "model": "block/cherry_leaves" }
				],
        "distance=3": [
				{ "model": "block/cherry_leaves" }
				],
        "distance=4": [
				{ "model": "block/cherry_leaves" }
				],
        "distance=5": [
				{ "model": "block/cherry_leaves" }
				],
        "distance=6": [
				{ "model": "block/cherry_leaves" }
				],
        "distance=7": [
				{ "model": "block/cherry_leaves" }
				]
    }
}
