{
"overrides": [
    {
      "predicate": {
        "nbt": {
          "StoredEnchantments": [
            {
              "id": "minecraft:silk_touch"
            }
          ]
        }
      },
      "model": "minecraft:item/silk_touch"
    },
    {
      "predicate": {
        "nbt": {
          "StoredEnchantments": [
            {
              "id": "minecraft:fire_protection"
            }
          ]
        }
      },
      "model": "minecraft:item/fire_protection"
    },
    {
      "predicate": {
        "nbt": {
          "StoredEnchantments": [
            {
              "id": "minecraft:aqua_affinity"
            }
          ]
        }
      },
      "model": "minecraft:item/aqua_affinity"
    },
    {
      "predicate": {
        "nbt": {
          "StoredEnchantments": [
            {
              "id": "minecraft:bane_of_arthropods"
            }
          ]
        }
      },
      "model": "minecraft:item/bane_of_arthropods"
    },
    {
      "predicate": {
        "nbt": {
          "StoredEnchantments": [
            {
              "id": "minecraft:blast_protection"
            }
          ]
        }
      },
      "model": "minecraft:item/blast_protection"
    },
    {
      "predicate": {
        "nbt": {
          "StoredEnchantments": [
            {
              "id": "minecraft:channeling"
            }
          ]
        }
      },
      "model": "minecraft:item/channeling"
    },
    {
      "predicate": {
        "nbt": {
          "StoredEnchantments": [
            {
              "id": "minecraft:binding_curse"
            }
          ]
        }
      },
      "model": "minecraft:item/binding_curse"
    },
    {
      "predicate": {
        "nbt": {
          "StoredEnchantments": [
            {
              "id": "minecraft:vanishing_curse"
            }
          ]
        }
      },
      "model": "minecraft:item/vanishing_curse"
    },
    {
      "predicate": {
        "nbt": {
          "StoredEnchantments": [
            {
              "id": "minecraft:depth_strider"
            }
          ]
        }
      },
      "model": "minecraft:item/depth_strider"
    },
    {
      "predicate": {
        "nbt": {
          "StoredEnchantments": [
            {
              "id": "minecraft:efficiency"
            }
          ]
        }
      },
      "model": "minecraft:item/efficiency"
    },
    {
      "predicate": {
        "nbt": {
          "StoredEnchantments": [
            {
              "id": "minecraft:feather_falling"
            }
          ]
        }
      },
      "model": "minecraft:item/feather_falling"
    },
    {
      "predicate": {
        "nbt": {
          "StoredEnchantments": [
            {
              "id": "minecraft:fire_aspect"
            }
          ]
        }
      },
      "model": "minecraft:item/fire_aspect"
    },
    {
      "predicate": {
        "nbt": {
          "StoredEnchantments": [
            {
              "id": "minecraft:flame"
            }
          ]
        }
      },
      "model": "minecraft:item/flame"
    },
    {
      "predicate": {
        "nbt": {
          "StoredEnchantments": [
            {
              "id": "minecraft:fortune"
            }
          ]
        }
      },
      "model": "minecraft:item/fortune"
    },
    {
      "predicate": {
        "nbt": {
          "StoredEnchantments": [
            {
              "id": "minecraft:frost_walker"
            }
          ]
        }
      },
      "model": "minecraft:item/frost_walker"
    },
    {
      "predicate": {
        "nbt": {
          "StoredEnchantments": [
            {
              "id": "minecraft:impaling"
            }
          ]
        }
      },
      "model": "minecraft:item/impaling"
    },
    {
      "predicate": {
        "nbt": {
          "StoredEnchantments": [
            {
              "id": "minecraft:infinity"
            }
          ]
        }
      },
      "model": "minecraft:item/infinity"
    },
    {
      "predicate": {
        "nbt": {
          "StoredEnchantments": [
            {
              "id": "minecraft:knockback"
            }
          ]
        }
      },
      "model": "minecraft:item/knockback"
    },
    {
      "predicate": {
        "nbt": {
          "StoredEnchantments": [
            {
              "id": "minecraft:looting"
            }
          ]
        }
      },
      "model": "minecraft:item/looting"
    },
    {
      "predicate": {
        "nbt": {
          "StoredEnchantments": [
            {
              "id": "minecraft:loyalty"
            }
          ]
        }
      },
      "model": "minecraft:item/loyalty"
    },
    {
      "predicate": {
        "nbt": {
          "StoredEnchantments": [
            {
              "id": "minecraft:luck_of_the_sea"
            }
          ]
        }
      },
      "model": "minecraft:item/luck_of_the_sea"
    },
    {
      "predicate": {
        "nbt": {
          "StoredEnchantments": [
            {
              "id": "minecraft:lure"
            }
          ]
        }
      },
      "model": "minecraft:item/lure"
    },
    {
      "predicate": {
        "nbt": {
          "StoredEnchantments": [
            {
              "id": "minecraft:mending"
            }
          ]
        }
      },
      "model": "minecraft:item/mending"
    },
    {
      "predicate": {
        "nbt": {
          "StoredEnchantments": [
            {
              "id": "minecraft:multishot"
            }
          ]
        }
      },
      "model": "minecraft:item/multishot"
    },
    {
      "predicate": {
        "nbt": {
          "StoredEnchantments": [
            {
              "id": "minecraft:piercing"
            }
          ]
        }
      },
      "model": "minecraft:item/piercing"
    },
    {
      "predicate": {
        "nbt": {
          "StoredEnchantments": [
            {
              "id": "minecraft:power"
            }
          ]
        }
      },
      "model": "minecraft:item/power"
    },
    {
      "predicate": {
        "nbt": {
          "StoredEnchantments": [
            {
              "id": "minecraft:projectile_protection"
            }
          ]
        }
      },
      "model": "minecraft:item/projectile_protection"
    },
    {
      "predicate": {
        "nbt": {
          "StoredEnchantments": [
            {
              "id": "minecraft:protection"
            }
          ]
        }
      },
      "model": "minecraft:item/protection"
    },
    {
      "predicate": {
        "nbt": {
          "StoredEnchantments": [
            {
              "id": "minecraft:punch"
            }
          ]
        }
      },
      "model": "minecraft:item/punch"
    },
    {
      "predicate": {
        "nbt": {
          "StoredEnchantments": [
            {
              "id": "minecraft:quick_charge"
            }
          ]
        }
      },
      "model": "minecraft:item/quick_charge"
    },
    {
      "predicate": {
        "nbt": {
          "StoredEnchantments": [
            {
              "id": "minecraft:respiration"
            }
          ]
        }
      },
      "model": "minecraft:item/respiration"
    },
    {
      "predicate": {
        "nbt": {
          "StoredEnchantments": [
            {
              "id": "minecraft:riptide"
            }
          ]
        }
      },
      "model": "minecraft:item/riptide"
    },
    {
      "predicate": {
        "nbt": {
          "StoredEnchantments": [
            {
              "id": "minecraft:sharpness"
            }
          ]
        }
      },
      "model": "minecraft:item/sharpness"
    },
    {
      "predicate": {
        "nbt": {
          "StoredEnchantments": [
            {
              "id": "minecraft:smite"
            }
          ]
        }
      },
      "model": "minecraft:item/smite"
    },
    {
      "predicate": {
        "nbt": {
          "StoredEnchantments": [
            {
              "id": "minecraft:soul_speed"
            }
          ]
        }
      },
      "model": "minecraft:item/soul_speed"
    },
    {
      "predicate": {
        "nbt": {
          "StoredEnchantments": [
            {
              "id": "minecraft:sweeping"
            }
          ]
        }
      },
      "model": "minecraft:item/sweeping"
    },
    {
      "predicate": {
        "nbt": {
          "StoredEnchantments": [
            {
              "id": "minecraft:swift_sneak"
            }
          ]
        }
      },
      "model": "minecraft:item/swift_sneak"
    },
    {
      "predicate": {
        "nbt": {
          "StoredEnchantments": [
            {
              "id": "minecraft:thorns"
            }
          ]
        }
      },
      "model": "minecraft:item/thorns"
    },
    {
      "predicate": {
        "nbt": {
          "StoredEnchantments": [
            {
              "id": "minecraft:unbreaking"
            }
          ]
        }
      },
      "model": "minecraft:item/unbreaking"
    }
  ]
}